{
  "timestamp": "2026-01-08T15:05:46.916564Z",
  "cv": {
    "num_folds": 5,
    "k_choices": [
      1,
      3,
      5,
      7,
      9,
      11,
      13,
      15
    ],
    "k_to_accuracies": {
      "1": [
        0.2630000114440918,
        0.25699999928474426,
        0.2639999985694885,
        0.27799999713897705,
        0.26600000262260437
      ],
      "3": [
        0.23899999260902405,
        0.24899999797344208,
        0.23999999463558197,
        0.26600000262260437,
        0.2540000081062317
      ],
      "5": [
        0.24799999594688416,
        0.26600000262260437,
        0.2800000011920929,
        0.2919999957084656,
        0.2800000011920929
      ],
      "7": [
        0.26100000739097595,
        0.27900001406669617,
        0.2680000066757202,
        0.2879999876022339,
        0.2759999930858612
      ],
      "9": [
        0.2590000033378601,
        0.28299999237060547,
        0.27000001072883606,
        0.2849999964237213,
        0.2849999964237213
      ],
      "11": [
        0.26499998569488525,
        0.29600000381469727,
        0.2770000100135803,
        0.27900001406669617,
        0.27000001072883606
      ],
      "13": [
        0.2619999945163727,
        0.29100000858306885,
        0.27300000190734863,
        0.27399998903274536,
        0.27300000190734863
      ],
      "15": [
        0.25200000405311584,
        0.289000004529953,
        0.27799999713897705,
        0.28200000524520874,
        0.27399998903274536
      ]
    },
    "best_k": 11,
    "best_mean_acc": 0.2773999869823456,
    "best_std_acc": 0.010556518100202084,
    "cv_plot_path": "week9/answers/plots/cv_k_plot.png",
    "cv_train_size": 5000
  },
  "final_eval": {
    "train_size": 25000,
    "test_size": 10000,
    "k": 11,
    "test_accuracy": 0.3226
  }
}